canal,total_monto,cantidad_transacciones,ticket_promedio
TV,749357.3,1503,498.5744
RRSS,549135.1,1138,482.54404
EMAIL,168601.06,357,472.27188
